Quentin Beck, Spider-Man
Peter Parker, E.D.I.T.H.
Spider-Man, J. Jonah Jameson
Spider-Man, MJ
Bystander #4, Spider-Man
Flash Thompson, Spider-Man
Spider-Man, train
Spider-Man, MJ
Happy Hogan, May ParkerMay Parker, Happy Hogan
Peter Parker, MJ
Peter Parker, Happy Hogan
May Parker, MJ
Peter Parker, May Parker, Happy HoganMay Parker, Peter Parker
May Parker, Damage Control Agents
Peter Parker, Special Agent Cleary
MJ, Special Agent Cleary
Ned Leeds, Special Agent Cleary
May Parker, Special Agent Cleary
Matt Murdock, Happy Hogan
Matt Murdock, Peter Parker
Matt Murdock, May ParkerMay Parker, Peter Parker
Peter Parker, Happy Hogan
Peter Parker, MJ
MJ, Happy Hogan
Peter Parker, Ned Leeds
MJ, Ned Leeds
Peter Parker, Aunt MayMay Parker, Peter Parker
Peter Parker, MJ, Ned Leeds
MJ, Ned Leeds
Ned Leeds, Flash Thompson
MJ, Store Owner
Peter Parker, Stephen Strange
Wong, Stephen StrangeSpider-Man, Stephen Strange
Peter Parker, Stephen Strange
Peter Parker, Flash Thompson
Peter Parker, MIT Administrator
Spider-Man, Doc OckOtto Octavius, Peter Parker
Peter Parker, MIT Administrator
Peter Parker, Stephen Strange
Otto Octavius, Stephen StrangeNed Leeds, Stephen Strange
Peter Parker, MJ
MJ, Stephen Strange
Peter Parker, Otto Octavius
Peter Parker, MJ, Ned LeedsPeter Parker, Flint Marko
Sandman, Electro
Peter Parker, Sandman
Peter Parker, Flint Marko
Max Dillon, Curt Connors
Max Dillon, Ned Leeds
MJ, Peter Parker
Norman Osborn, May Parker
May Parker, Peter ParkerPeter Parker, May Parker
Peter Parker, Norman Osborn
Peter Parker, Ned Leeds, MJ
Norman Osborn, Otto Octavius
Norman Osborn, Daily Bugle Informant
Peter Parker, Stephen StrangePeter Parker, Cloak of Levitation
Peter Parker, Stephen Strange
Peter Parker, Ned Leeds
Peter Parker, MJ
Peter Parker, Norman Osborn
Peter Parker, Otto Octavius
Peter Parker, Max Dillon
Peter Parker, Flint Marko
Peter Parker, Curt Connors
Peter Parker, aunt May
Otto Octavius, Norman Osborn
MJ, Norman Osborn
Flint Marko, couchPeter Parker, May Parker
Max Dillon, Electro
Otto Octavius, Doc Ock
Flint Marko, Max Dillon
Peter Parker, Norman Osborn
May Parker, Otto Octavius
Max Dillon, Flint Marko
Peter Parker, Doctor Octopus
Norman Osborn, Otto Octavius
Otto Octavius, Peter Parker
J. Jonah Jameson, Daily Bugle Informant
Curt Connors, Lizard
Peter Parker, May Parker, Flint Marko, Max Dillon, Otto Octavius, Norman OsbornMax Dillon, Peter Parker
Green Goblin, May
Green Goblin, Max
Green Goblin, Otto Octavius
Peter Parker, Green Goblin
May Parker, Peter Parker
Happy Hogan, Peter Parker
J. Jonah Jameson, Peter ParkerMJ, Ned Leeds
Ned Leeds, MJ
Ned's Grandmother, Webb Peter
Webb Peter, MJ
Webb Peter, Ned Leeds
MJ, Webb Peter
Ned Leeds, Raimi Peter
Raimi Peter, MJRaimi Peter, Webb Peter
Raimi Peter, Webb Peter
Raimi Peter, Webb Peter
Raimi Peter, Webb Peter
Raimi Peter, Webb Peter, MCU Peter
Raimi Peter, Webb Peter, MCU Peter
Raimi Peter, Webb Peter, MCU Peter
Raimi Peter, Webb Peter
MJ, MCU Peter
Raimi Peter, Webb Peter
Raimi Peter, Webb Peter
Ned Leeds, Raimi Peter
Webb Peter, Raimi Peter
Ned Leeds, MCU Peter/Raimi Peter/Webb Peter
MCU Peter/Raimi Peter/Webb Peter, Ned LeedsNed Leeds, MCU Peter
MCU Peter, Webb Peter
Webb Peter, Raimi Peter
Raimi Peter, MCU Parker
Webb Peter, Raimi Peter
MCU Peter, MJ
MCU Peter, Raimi Peter
Webb Peter, Raimi Peter
Webb Peter, MCU Parker
Raimi Peter, MCU Peter
Webb Peter, Raimi Peter
Raimi Peter, MCU Peter
Webb Peter, Raimi Peter
Webb Peter, MCU Peter
Raimi Peter, MCU Peter
Webb Peter, Raimi Peter
Webb Peter, Raimi Peter, MCU ParkerRaimi Peter, Webb Peter
Webb Peter, Max Dillon
Raimi Peter, Dr. Curt Connors
MCU Peter, MJ
MCU Peter, Sandman
Webb Peter, Electro
Peter 1, Peter 2, Peter 3Peter 1, Peter 3
Peter 2, Sandman
Peter 1, Electro
Peter 3, Connors
Peter 1, Lizard
Peter 2, Electro
Peter 3, Max Dillon
Peter 2, Otto Octavius
Peter 1, Peter 2, Stephen StrangeGreen Goblin, MCU Spider-Man
Otto, Strange
Peter 1, MJ
Peter 3, MJ
Peter 3, Peter 2
Peter 1, Green Goblin
Peter 1, Peter 2
Peter 1, Peter 3
Peter 1, MJ, NedMJ, Peter Parker
Peter Parker, Ned Leeds
Peter Parker, Happy Hogan
Eddie Brock, bartenderMordo, Wanda
Mordo, Wong
Strange, Sinister Strange
May Parker, Special Agent Cleary
Coach Wilson, Peter, MJ, Ned, Flash
Thief, Female Shopgoer, Female Shopgoer 2, Male Pedestrian, Security GuardWoman In Car, Female Shopgoer
Female Shopgoer, Male Pedestrian
Peter Parker, Female Shopgoer
Peter Parker, Male Pedestrian
The Thief, Female Shopgoer
Happy, Matt Murdock
Peter Parker, May Parker
Special Agent Cleary, Matt Murdock, Happy
Webb Peter, Raimi Peter
Webb Peter, MCU Peter
Raimi Peter, MCU Peter
Webb Peter, Raimi PeterWebb Peter, Raimi Peter
Betty Brant, Academic Decathalon Team
Mr. Dell, Mr. Harrington