Gorr, Rapu
RAPU, GORR
RAPU, flower gods
KORG, audience
KORG, Thor
Selvig, Jane
Actor Odin, Actor Loki
Hela, both brothers
Quill, Rocket, Drax, Korg, Mantis
Thor, Sif
Thor, friends
Thor, Rocket
Rocket, Thor
Thor, Kraglin
Thor, crew
Thor, MjolnirThor, Jane
Thor, Korg
Gorr, Thor
Gorr, Valkyrie
Thor, ex-girlfriend
Thor, Miek
Thor, Valkyrie
Thor, children
Thor, Axl
THOR, VALKYRIE
THOR, KORG
THOR, ROCKET
THOR, JANE
THOR, LOKIKorg, Thor
Thor, Korg
Thor, Children
Valkyrie, Children
Zeus, Thor
Thor, Zeus
Zeus, Asgardians
Thor, Zeus
Zeus, Odinson
Thor, Valkyrie
Thor, Mjolnir
Thor, Korg
Thor, JaneJane, Korg
Thor, Korg
Jane, Thor
Gorr, Thor
Gorr, Valkyrie
Gorr, Valkyrie (continued)
Gorr, Thor
Valkyrie, Thor
Korg, Mr. Goat
Valkyrie, Creature
Thor, Creature
Thor, Val
Thor, Jane
Korg, Valkyrie
Jane Foster, Heimdall
Heimdall, Jane Foster